"personal_mastery","competitive_excellence","achievement_anxiety","mtq_total","prolific_pid"
51,64,10,125,"5ba292385301b80001c71ba2"
46,65,49,160,"6a1f92d4ff82ce9a5a19b5d6"
18,20,37,75,"59014ee029f42300013cc5b7"
35,45,47,127,"5afd043a56fe2c000168f7fe"
46,50,47,143,"5df6818e2b12bd474abc4c9d"
38,34,12,84,"5ed478fa7d20a043b7c3be83"
37,27,15,79,"5fd7782dee03dc08d3f3f491"
42,29,30,101,"607668ac450fc6e3025a131d"
49,11,9,69,"628deac8711dee5dbda650ae"
50,58,11,119,"6314c1e76c3f71e2127f1976"
37,33,20,90,"640175d4fd2062d9fa478050"
43,22,11,76,"653703627539f3a8b2ed4af3"
43,22,30,95,"666f2488909bc0331b8563e6"
42,38,21,101,"67164c92298409e37c670b3d"
38,43,45,126,"6737baa242fb816259c039ab"
39,18,23,80,"67463480327b48a3f1380669"
45,50,9,104,"6759e54d994e3aa6f5878afd"
40,52,21,113,"678b2a59231a08a70176d425"
48,46,25,119,"67cf28a2280e7e75fbbacbff"
38,38,23,99,"67f1626e4525cfea0f0a9753"
35,43,33,111,"69838d991c59483eb13a761b"
45,43,36,124,"698bd173e4842a5bd8ad85bb"
44,47,19,110,"698f9675b0a2c0885344c225"
45,38,14,97,"69b306d0aabcb968f7ca7ec5"
36,33,28,97,"69d4e9b098840254a2011f5e"
54,18,7,79,"69dfe7a5ceda51ba7dd9ba93"
43,44,52,139,"69ea3b15912a521f9cff7fe4"
49,21,38,108,"69ec053314eeaf08fa00dc59"
34,36,24,94,"69f2810b971c687ea69d2eeb"
39,40,24,103,"69f4e0a61df7b7adb13e9847"
48,21,37,106,"69fc50a50ea5b1c2699c9eb1"
47,58,9,114,"69fcc70f28b90276561cf816"
46,44,20,110,"69ff53f3401c96094c4b05ab"
35,46,28,109,"6a01d9e896ff38118705f22d"
51,52,24,127,"6a03e49a2b083f8fa115a457"
42,34,20,96,"6a07946e7937cbab7e5486d1"
42,26,31,99,"6a10c0cc706d6029855602fa"
47,51,29,127,"6a1b0e08b970250a7e83397e"
43,33,19,95,"6a1e249fc87cc5282b9262b3"
36,52,35,123,"6a25bfb8fba9138142007346"
51,60,41,152,"6a6432d5ac9ed5ef69915471"
